Gene_ID,Description,Chromosome,Location,Orthogroup,Link,HZAU_link,Sequence_link,Diagram_link,Live
orange1.1t03997,Cytochrome P450 76C4,,,OG0000018,,,,,
orange1.1t03998,"Cytochrome P450, 76C4",,,OG0000018,,,,,
orange1.1t04139,Cytochrome P450 76C4,,,OG0000018,,,,,
Cs6g22150,Hydroquinone glucosyltransferase; Cinnamate beta-D-glucosyltransferase,,,OG0000082,,,,,
Cs3g08430,UDP-glycosyltransferase 83A1; Cinnamate beta-D-glucosyltransferase,,,OG0000082,,,,,
Cs9g17330,Tubulin beta-1 chain,,,OG0000087,,,,,
Cs2g09970,Tubulin beta-5 chain,,,OG0000087,,,,,
Cs6g07480,Tubulin beta-2/beta-3 chain,,,OG0000087,,,,,
Cs8g19650,Tubulin beta chain,,,OG0000087,,,,,
Cs4g06850,Sucrose synthase; Sucrose synthase isoform 1,,,OG0000132,,,,,
Cs5g33470,Sucrose synthase 2,,,OG0000132,,,,,
Cs9g03980,Sucrose synthase 2,,,OG0000132,,,,,
Cs4g06900,Sucrose synthase,,,OG0000132,,,,,
Cs8g03680,Tubulin alpha chain,,,OG0000136,,,,,
Cs6g21090,Tubulin alpha-1 chain,,,OG0000136,,,,,
Cs6g21100,Tubulin alpha-2 chain,,,OG0000136,,,,,
Cs5g26760,Tubulin alpha-3 chain,,,OG0000136,,,,,
Cs9g03120,Tubulin alpha-3/alpha-5 chain,,,OG0000136,,,,,
Cs9g16650,UDP-glucoronosyl/UDP-glucosyl transferase family protein,,,OG0000200,,,,,
orange1.1t03923,UDP-glucoronosyl/UDP-glucosyl transferase family protein,,,OG0000200,,,,,
Cs9g10530,Probable inorganic phosphate transporter 1-7; transporter NaiP; Inner membrane metabolite transport protein ygcS;High affinity inorganic phosphate transporter (Fragment),,,OG0000248,,,,,
Cs3g20810,Alcohol dehydrogenase,,,OG0000332,,,,,
Cs7g10570,Cytochrome P450 71B35; 4-hydroxyphenylacetaldehyde oxime monooxygenase,,,OG0000503,,,,,
Cs6g06530,Expansin-A4; Expansin-A3; Expansin-A9,,,OG0000570,,,,,
Cs5g03150,Heat shock protein 83,,,OG0000706,,,,,
Cs9g19220,Heat shock protein 83,,,OG0000706,,,,,
Cs3g25410,Beta-galactosidase 5; Putative beta-galactosidase,,,OG0000759,,,,,
Cs5g23160,Putative calcium-binding protein calreticulin,,,OG0000764,,,,,
Cs4g17410,Acyl-protein thioesterase 2; Biostress-resistance-related protein (Fragment),,,OG0000768,,,,,
orange1.1t00580,Myb-like protein G; Myb-like protein H;Late elongated hypocotyl and circadian clock associated-1-like protein 1,,,OG0000928,,,,,
Cs3g01140,NAD dependent epimerase/dehydratase family protein expressed,,,OG0000946,,,,,
Cs7g25580,S-adenosyl-L-methionine: caffeic acid 3-0-methyltransferase,,,OG0001015,,,,,
orange1.1t04194,S-adenosyl-L-methionine: caffeic acid 3-0-methyltransferase,,,OG0001015,,,,,
Cs3g27280,Catalase,,,OG0001090,,,,,
Cs3g27290,Catalase isozyme 1,,,OG0001090,,,,,
orange1.1t00472,Probable WRKY transcription factor 46,,,OG0001156,,,,,
Cs9g18820,UDP-glucose: anthocyanidin 5 3-O-glucosyltransferase,,,OG0001207,,,,,
Cs9g18830,UDP-glucose: anthocyanidin 5 3-O-glucosyltransferase;Anthocyanidin 5 3-O-glucosyltransferase; UDP-glycosyltransferase 88A1; Baicalein 7-O-glucuronosyltransferase; Hydroquinone glucosyltransferase; Anthocyanidin 3-O-glucosyltransferase 2 (Fragment); UDP-glucosyl transferase 73B2; Anthocyanin 3'-O-beta-glucosyltransferase; Zeatin O-xylosyltransferase,,,OG0001207,,,,,
Cs9g18780,UDP-glucose: anthocyanidin 5 3-O-glucosyltransferase,,,OG0001207,,,,,
Cs2g05960,Putative uncharacterized protein OSJNBb0035N08.33,,,OG0001217,,,,,
Cs1g18220,Beta-fructofuranosidase insoluble isoenzyme 1 putative;Beta-fructofuranosidase insoluble isoenzyme CWINV1; Beta-fructofuranosidase cell wall isozyme; Fructan 6-exohydrolase; Beta-fructofuranosidase soluble isoenzyme I; Acid beta-fructofuranosidase,,,OG0001354,,,,,
Cs3g15690,Snakin-1; Protein GAST1; Gibberellin-regulated protein 4,,,OG0001409,,,,,
Cs6g18330,Non-specific lipid-transfer protein 2,,,OG0001617,,,,,
Cs6g18340,Non-specific lipid-transfer protein 2;Bifunctional inhibitor/lipid-transfer protein/seed storage 2S albumin-like protein,,,OG0001617,,,,,
Cs3g26470,GDSL esterase/lipase EXL3; Anter-specific proline-rich protein APG,,,OG0001749,,,,,
Cs9g02520,Chitinase-like protein 2; Endochitinase,,,OG0001781,,,,,
Cs2g17800,Immediate-early fungal elicitor protein CMPG1 (Fragment);U-box domain-containing protein 21,,,OG0001791,,,,,
Cs2g17810,Immediate-early fungal elicitor protein CMPG1 (Fragment);U-box domain-containing protein 21; E3 ubiquitin-protein ligase PUB23,,,OG0001791,,,,,
Cs4g11690,Calcium-binding protein PBP1; G-type lectin S-receptor-like serine/threonine-protein kinase At4g27290;,,,OG0001974,,,,,
Cs1g20610,Cinnamyl alcohol dehydrogenase-like protein;Probable mannitol dehydrogenase; Cinnamyl alcohol dehydrogenase 8; Geraniol dehydrogenase 1,,,OG0001986,,,,,
Cs2g10900,Alpha-glucosidase; Probable alpha-glucosidase Os06g0675700; Alpha-xylosidase; Lysosomal alpha-glucosidase,,,OG0002020,,,,,
Cs2g11060,Alpha-glucosidase; Probable alpha-glucosidase Os06g0675700; Alpha-xylosidase; Lysosomal alpha-glucosidase,,,OG0002020,,,,,
orange1.1t04489,4-coumarate--CoA ligase 1; Probable 4-coumarate--CoA ligase 4; 4-coumarate--CoA ligase-like 7,,,OG0002248,,,,,
Cs6g07320,Cytosolic class I small heat shock protein 3A;17.3 kDa class I heat shock protein,,,OG0002298,,,,,
Cs9g01450,Ubiquitin carboxyl-terminal hydrolase 12,,,OG0002506,,,,,
Cs9g01440,Ubiquitin carboxyl-terminal hydrolase 12; MATH domain-containing protein At5g43560,,,OG0002506,,,,,
orange1.1t00402,Polygalacturonase;Glycoside hydrolase family 28 protein/polygalacturonase family protein,,,OG0002541,,,,,
Cs5g03170,Polygalacturonase;Glycoside hydrolase family 28 protein/polygalacturonase family protein,,,OG0002541,,,,,
Cs8g10860,Proton-dependent oligopeptide transport family protein;Probable peptide/nitrate transporter At5g13400,,,OG0002682,,,,,
orange1.1t01993,ABC transporter G family member 11; ATP-binding cassette sub-family G member 2,,,OG0002796,,,,,
Cs7g13190,Probable nitrite transporter At1g68570; Peptide transporter PTR2,,,OG0003061,,,,,
Cs7g13200,Putative proton-dependent oligopeptide transporter (POT),,,OG0003061,,,,,
Cs4g06690,pectinesterase/pectinesterase inhibitor 12; Pectinesterase 2,,,OG0003159,,,,,
Cs4g06670,pectinesterase/pectinesterase inhibitor 12,,,OG0003159,,,,,
Cs5g33180,UDP-glucuronic acid decarboxylase 1,,,OG0003224,,,,,
Cs6g04060,Transcription factor ASG4; Myb-like protein G,,,OG0003247,,,,,
Cs2g28080,DegP2 peptidase Serine peptidase MEROPS family S01B (Precursor),,,OG0003344,,,,,
Cs6g05830,Probable histone H2A.4,,,OG0003571,,,,,
Cs8g18050,Probable histone H2A.2,,,OG0003571,,,,,
Cs5g12230,Putative uncharacterized protein Sb02g038740;COBRA-like protein 4;,,,OG0003574,,,,,
Cs5g12220,COBRA-like protein 4; Protein COBRA,,,OG0003574,,,,,
Cs1g19850,ABC transporter G family member 11; ATP-binding cassette sub-family G member 2,,,OG0003669,,,,,
Cs1g19860,ABC transporter G family member 11; ATP-binding cassette sub-family G member 2,,,OG0003669,,,,,
Cs3g19810,L-ascorbate peroxidase T chloroplastic,,,OG0003779,,,,,
Cs9g17250,Low-temperature-induced 65 kDa protein;Desiccation-related protein LbLEA-like_11-24,,,OG0004582,,,,,
Cs9g16810,Dehydration-responsive element-binding protein 1A putative; Ethylene-responsive transcription factor ERF038,,,OG0004585,,,,,
orange1.1t03688,Cytochrome P450 716B2; Taxadiene 5-alpha hydroxylase; Abscisic acid 8'-hydroxylase 3,,,OG0005052,,,,,
Cs6g10600,2 3-bisphosphoglycerate-independent phosphoglycerate mutase,,,OG0005153,,,,,
Cs1g16560,Pectinesterase 3,,,OG0005240,,,,,
orange1.1t02279,Coproporphyrinogen-III oxidase chloroplastic,,,OG0005248,,,,,
Cs2g10910,Protein PHLOEM PROTEIN 2-LIKE A9,,,OG0005326,,,,,
Cs3g25010,Isoflavone reductase homolog P3; Isoflavone reductase homolog IRL,,,OG0005459,,,,,
Cs1g15320,Proton-dependent oligopeptide transport family protein,,,OG0005503,,,,,
Cs7g22920,NAC domain-containing protein 74; Protein SOMBRERO; Protein BEARSKIN1; Protein CUP-SHAPED COTYLEDON 1; Protein FEZ,,,OG0005622,,,,,
Cs5g08520,Peroxisomal acyl-coenzyme A oxidase 1,,,OG0005956,,,,,
Cs4g07340,Subtilisin-like protease; Cucumisin; Xylem serine proteinase 1; Serine protease AprX,,,OG0005984,,,,,
Cs4g07350,Protease-associated PA; Proteinase inhibitor I9 subtilisin propeptide;Subtilisin-like protease; Cucumisin,,,OG0005984,,,,,
Cs9g06110,Heavy metal transport/detoxification domain-containing protein,,,OG0006050,,,,,
Cs8g01880,Expansin-like 1 (At-EXPL1) (Ath-ExpBeta-2.1); Pollen allergen Phl p 1,,,OG0006055,,,,,
orange1.1t01563,Serine carboxypeptidase-like 20; Virulence-related protein Nf314,,,OG0006338,,,,,
Cs9g18280,Cyclic nucleotide-gated ion channel 1; Probable cyclic nucleotide-gated ion channel 3,,,OG0006971,,,,,
Cs8g06630,Dehydration-responsive protein RD22 (Fragment);BURP domain-containing protein 3,,,OG0007150,,,,,
Cs2g17080,Plant invertase/pectin methylesterase inhibitor domain-containing protein;21 kDa protein,,,OG0007271,,,,,
Cs3g19460,Nodulin MtN21 /EamA-like transporter-like protein;Auxin-induced protein 5NG4,,,OG0007451,,,,,
Cs2g05560,Protein E6;Putative uncharacterized protein,,,OG0008045,,,,,
Cs6g09420,Probable WRKY transcription factor 33,,,OG0008485,,,,,
Cs1g15440,Aquaporin TIP2-1,,,OG0008756,,,,,
orange1.1t02719,Probable pectinesterase/pectinesterase inhibitor 61; Pectinesterase 3,,,OG0008889,,,,,
Cs1g07120,Chloroplast thioredoxin M-type 2 (Precursor); Thioredoxin,,,OG0008951,,,,,
Cs1g23600,PQ-loop repeat family protein / transmembrane family protein;Protein RTC2; PQ-loop repeat-containing protein 2; Uncharacterized membrane protein YOL092W; Seven transmembrane protein 1,,,OG0009422,,,,,
Cs8g02870,Putative uncharacterized protein Sb01g041290;Thaumatin-like protein 1a; Pathogenesis-related protein 5; Thaumatin-like protein 1b (Fragment); Glucan endo-1 3-beta-glucosidase; Osmotin-like protein; Pathogenesis-related protein R major form; Zeamatin; Pathogenesis-related protein R minor form; Alpha-amylase/trypsin inhibitor; Osmotin; Osmotin-like protein TPM-1 (Fragment); Protein P21; Thaumatin-2; Thaumatin-1; Thaumatin-like pathogenesis-related protein 3; Pathogenesis-related protein (Fragment),,,OG0009439,,,,,
Cs5g09470,Primary amine oxidase; Primary amine oxidase (Fragment); Copper methylamine oxidase; Histamine oxidase;Putative uncharacterized protein Sb04g028410,,,OG0009462,,,,,
Cs5g16310,Flavanone 3-dioxygenase; Naringenin 2-oxoglutarate 3-dioxygenase; Naringenin 2-oxoglutarate 3-dioxygenase (Fragment); 1-aminocyclopropane-1-carboxylate oxidase 5; Flavone synthase; Hyoscyamine 6-dioxygenase; Flavonol synthase/flavanone 3-hydroxylase; Protein SRG1; 2'-deoxymugineic-acid 2'-dioxygenase; Probable 2-oxoglutarate/Fe(II)-dependent dioxygenase; 1-aminocyclopropane-1-carboxylate oxidase homolog 1; Gibberellin 20 oxidase 1; Mugineic-acid 3-dioxygenase; Leucoanthocyanidin dioxygenase; Codeine O-demethylase; Probable 1-aminocyclopropane-1-carboxylate oxidase; Flavonol synthase/flavanone 3-hydroxylase (Fragment); Thebaine 6-O-demethylase;Oxidoreductase 2OG-Fe oxygenase family protein expressed,,,OG0009557,,,,,
Cs2g10380,Vacuolar protein sorting-associated protein 2 homolog 2; Protein LSD1; Charged multivesicular body protein 2a homolog 2; Charged multivesicular body protein 2a; DOA4-independent degradation protein 4; Uncharacterized protein C4F8.01;Charged multivesicular body protein 2b-B putative,,,OG0009615,,,,,
Cs4g19980,Dehydration-induced protein RD22-like protein 1;BURP domain-containing protein 3; Dehydration-responsive protein RD22; Protein RAFTIN 1B; Probable polygalacturonase non-catalytic subunit At1g60390; Polygalacturonase non-catalytic subunit AroGP2; Polygalacturonase-1 non-catalytic subunit beta; Embryonic abundant protein USP92; Unknown seed protein 30.1,,,OG0009814,,,,,
Cs5g15150,Putative uncharacterized protein f15 (Fragment);CASP-like protein F16; Casparian strip membrane protein POPTRDRAFT_576556,,,OG0010748,,,,,
Cs3g25510,Auxin-induced protein 5NG4;Nodulin MtN21 /EamA-like transporter family protein,,,OG0011192,,,,,
Cs3g21730,Peroxidase 12; Cationic peroxidase 1; Peroxidase N; Peroxidase C1C (Fragment); Lignin-forming anionic peroxidase;Putative uncharacterized protein Sb03g046810,,,OG0011437,,,,,
Cs9g03250,Putative uncharacterized protein Sb02g004000,,,OG0011531,,,,,
Cs2g20400,Putative Anter-specific proline-rich protein APG;GDSL esterase/lipase At2g04570; GDSL esterase/lipase APG; Anter-specific proline-rich protein APG; Anther-specific proline-rich protein APG (Fragment),,,OG0011850,,,,,
Cs8g14690,Pollen Ole e 1 allergen and extensin family protein,,,OG0012009,,,,,
Cs3g20580,Basic blue protein; Chemocyanin; Mavicyanin; Blue copper protein; Stellacyanin; Uclacyanin-2; Early nodulin-like protein 1; Early nodulin-55-2; Cucumber peeling cupredoxin;Putative uncharacterized protein Sb01g010500,,,OG0012077,,,,,
Cs8g01860,Putative NAC domain-containing protein 94; NAC domain-containing protein 29; Protein FEZ; Protein ATAF2; Protein CUP-SHAPED COTYLEDON 1; Protein SOMBRERO;Putative uncharacterized protein Sb01g048130,,,OG0012110,,,,,
Cs1g16000,GDSL-like Lipase/Acylhydrolase family protein expressed;GDSL esterase/lipase APG; GDSL esterase/lipase At5g22810; Anter-specific proline-rich protein APG; Anther-specific proline-rich protein APG (Fragment),,,OG0012311,,,,,
orange1.1t03414,Early nodulin-like protein 1; Early nodulin-16; Umecyanin; Mavicyanin; Blue copper protein; Lamin-like protein; Uclacyanin-2;Putative early nodulin-like 2 predicted GPI-anchored protein (Fragment),,,OG0012417,,,,,
Cs2g19850,Pentatricopeptide repeat-containing protein putative;Thymidine kinase; Thymidine kinase cytosolic,,,OG0012582,,,,,
Cs7g31640,Sedoheptulose-1 7-bisphosphatase chloroplastic; Fructose-1 6-bisphosphatase class 1; Fructose-1 6-bisphosphatase 1;Chloroplast sedoheptulose-1 7-bisphosphatase (Fragment),,,OG0012684,,,,,
Cs7g20420,Putative uncharacterized protein Sb01g038480,,,OG0012734,,,,,
orange1.1t01707,Stachyose synthase; Probable galactinol--sucrose galactosyltransferase 4; Galactinol--sucrose galactosyltransferase; Alpha-galactosidase;Alkaline alpha-galactosidase seed imbibition protein,,,OG0013169,,,,,
Cs5g09230,Multi-copper oxidase type I family protein putative;Monocopper oxidase-like protein SKU5; L-ascorbate oxidase homolog; L-ascorbate oxidase; Laccase-3,,,OG0013244,,,,,
Cs2g04590,Cellulose synthase A catalytic subunit 8 [UDP-forming]; Probable cellulose synthase A catalytic subunit 8 [UDP-forming]; Cellulose synthase-like protein D2; Putative cellulose synthase-like protein D6; Probable mixed-linked glucan synthase 6; Putative mixed-linked glucan synthase 1; Mixed-linked glucan synthase 2; Putative cellulose synthase A catalytic subunit 11 [UDP-forming];Putative cellulose synthase catalytic subunit (Fragment),,,OG0013404,,,,,
Cs3g16380,Probable xyloglucan glycosyltransferase 12; Putative xyloglucan glycosyltransferase 10; Xyloglucan glycosyltransferase 4; Glucomannan 4-beta-mannosyltransferase 1; Probable mannan synthase 3; Mannan synthase 1; Cellulose synthase catalytic subunit A [UDP-forming];Cellulose synthase-like C1-1 glycosyltransferase family 2 protein,,,OG0013405,,,,,
Cs6g13230,Probable carboxylesterase 15; Carboxylesterase 1; Gibberellin receptor GID1B; Arylacetamide deacetylase; Neutral cholesterol ester hydrolase 1; Hormone-sensitive lipase;Putative uncharacterized protein Sb01g005720,,,OG0013614,,,,,
Cs1g23090,Putative uncharacterized protein Sb02g034420;L-ascorbate oxidase homolog; Monocopper oxidase-like protein SKU5; Laccase-3; Laccase-2; Laccase-1,,,OG0013676,,,,,
Cs1g21130,Xyloglucan endotransglucosylase/hydrolase protein 9 putative;Probable xyloglucan endotransglucosylase/hydrolase protein 6; Probable xyloglucan endotransglucosylase/hydrolase 1; Probable xyloglucan endotransglucosylase/hydrolase (Fragment); Xyloglucan endotransglucosylase/hydrolase protein A; Xyloglucan endotransglucosylase/hydrolase; Probable xyloglucan endotransglucosylase/hydrolase protein B; Xyloglucan endotransglucosylase/hydrolase protein 4; Brassinosteroid-regulated protein BRU1; Putative xyloglucan endotransglucosylase/hydrolase protein 13; Xyloglucan endotransglycosylase/hydrolase protein 8; Probable glycosidase CRR1; Beta-glucanase,,,OG0013713,,,,,
Cs6g04310,EST D25138(R3286) corresponds to a region of the predicted gene;Fasciclin-like arabinogalactan protein 11; Uncharacterized protein sll1483,,,OG0013915,,,,,
Cs3g14190,Histone H2A (Fragment);Probable histone H2A.5; Histone H2A.1; Protein H2A.5; Late histone H2A.L3,,,OG0014103,,,,,
Cs4g06710,Probable pectinesterase/pectinesterase inhibitor 54; Pectinesterase 2; Pectinesterase/pectinesterase inhibitor; Putative pectinesterase/pectinesterase inhibitor 22;Pectinesterase (Precursor),,,OG0014110,,,,,
Cs1g19930,LanC lantibiotic synthetase component C-like 2 (Bacterial);LanC-like protein 2; LanC-like protein 3 homolog,,,OG0014523,,,,,
Cs8g17810,Putative uncharacterized protein At5g59730 (Fragment),,,OG0014548,,,,,
Cs1g15940,Putative uncharacterized protein Sb09g005940;Stem 28 kDa glycoprotein; Stem 31 kDa glycoprotein (Fragment); Acid phosphatase 1; Vegetative storage protein 2,,,OG0015024,,,,,
Cs5g04330,Proton-dependent oligopeptide transport family protein;Probable peptide/nitrate transporter At5g62680; Nitrate transporter 1.7; Putative peptide/nitrate transporter At1g69860; Peptide transporter PTR1; Probable nitrite transporter At1g68570; Probable peptide transporter At1g52190; Probable nitrate excretion transporter 3; Nitrate excretion transporter 1; Putative nitrate excretion transporter 7,,,OG0015149,,,,,
Cs3g26090,Snakin-2; Gibberellin-regulated protein 1; Snakin-1; Protein RSI-1;Putative uncharacterized protein Sb06g032730,,,OG0016212,,,,,
Cs3g09120,Cytochrome P450 82C4; Cytochrome P450 82A1 (Fragment); Flavonoid 3'-monooxygenase; Isoflavone 2'-hydroxylase; Premnaspirodiene oxygenase; Psoralen synthase (Fragment); 5-epiaristolochene 1 3-dihydroxylase; Psoralen synthase; Beta-amyrin 24-hydroxylase;(S)-N-methylcoclaurine 3'-hydroxylase,,,OG0016248,,,,,
Cs9g10730,Integral membrane protein DUF6 containing protein expressed;Auxin-induced protein 5NG4,,,OG0016488,,,,,
orange1.1t03813,Putative uncharacterized protein P0708D12.10,,,OG0016630,,,,,
Cs7g05620,14 kDa proline-rich protein DC2.15; Cortical cell-delineating protein; Putative lipid-binding protein At4g00165;Retrotransposon protein putative Ty1-copia subclass expressed,,,OG0016715,,,,,
orange1.1t05126,2-acetamido-2-deoxy-D-galactose-binding seed lectin 2; Lectin; Seed lectin beta chain; Favin; L-type lectin-domain containing receptor kinase I.3;cDNA clone: J065032N17 full insert sequence,,,OG0016795,,,,,
Cs6g15610,Cytochrome P450 76A2; Cytochrome P450 76A1 (Fragment); 7-ethoxycoumarin O-deethylase; Flavonoid 3'-monooxygenase; (S)-N-methylcoclaurine 3'-hydroxylase isozyme 2; (S)-N-methylcoclaurine 3'-hydroxylase isozyme 1 (Fragment); Probable (S)-N-methylcoclaurine 3'-hydroxylase isozyme 2; 4-hydroxyphenylacetaldehyde oxime monooxygenase; Psoralen synthase; Psoralen synthase (Fragment); Berbamunine synthase; Beta-amyrin 24-hydroxylase; Tabersonine 16-hydroxylase (Fragment);Cytochrome P450 family 76 subfamily C polypeptide 6,,,OG0016847,,,,,
Cs1g19390,Putative uncharacterized protein Sb03g041370;Patellin-5; Patellin-3; Patellin-2; Patellin-1; Patellin-4; Patellin-6; Phosphatidylinositol transfer protein SFH5; SEC14 cytosolic factor,,,OG0017011,,,,,
Cs1g01220,Glucan 1 3-beta-glucosidase; Glucan 1 3-beta-glucosidase A; Probable glucan 1 3-beta-glucosidase A; Sporulation-specific glucan 1 3-beta-glucosidase;Putative uncharacterized protein Sb01g024390,,,OG0017110,,,,,
Cs7g22830,Putative ent-Kaurenoic acid hydroxylase-like cytochrome P450;Ent-kaurenoic acid oxidase 2; Cytochrome P450 88A1; Abscisic acid 8'-hydroxylase 4; 3-epi-6-deoxocathasterone 23-monooxygenase; Taxane 13-alpha-hydroxylase,,,OG0017330,,,,,
Cs7g22820,Putative ent-Kaurenoic acid hydroxylase-like cytochrome P450;Ent-kaurenoic acid oxidase 2; Cytochrome P450 88A1; Abscisic acid 8'-hydroxylase 4,,,OG0017337,,,,,
Cs7g09430,NA,,,OG0017339,,,,,
Cs5g33540,Ethylene-responsive element binding protein (Fragment);Ethylene-responsive transcription factor RAP2-3; Pathogenesis-related genes transcriptional activator PTI5,,,OG0017428,,,,,
Cs5g25590,GDSL esterase/lipase At5g33370; GDSL esterase/lipase APG; Anter-specific proline-rich protein APG;GDSL-like Lipase/Acylhydrolase family protein expressed,,,OG0017621,,,,,
Cs2g26900,Putative uncharacterized protein (Fragment),,,OG0018161,,,,,
Cs2g30570,3'-N-debenzoyl-2'-deoxytaxol N-benzoyltransferase putative;BAHD acyltransferase At5g47980; Vinorine synthase; Deacetylvindoline O-acetyltransferase; Salutaridinol 7-O-acetyltransferase,,,OG0018280,,,,,
Cs5g16770,Miraculin; 21 kDa seed protein; Serine protease inhibitor 2; Latex serine proteinase inhibitor; Aspartic protease inhibitor 9; Cysteine protease inhibitor 1; Alpha-amylase/subtilisin inhibitor; Cysteine protease inhibitor 8 (Fragment); Kunitz-type serine protease inhibitor DrTI; Kunitz-type elastase inhibitor BrEI;Kunitz-type protease inhibitor KPI-D1.2,,,OG0019396,,,,,
Cs9g10540,Probable inorganic phosphate transporter 1-7; Inorganic phosphate transporter 1-4; Putative inorganic phosphate transporter 1-13; Probable metabolite transporter C2H8.02; Putative niacin/nicotinamide transporter NaiP;High affinity inorganic phosphate transporter (Fragment),,,OG0000248,,,,,
Cs5g29860,Probable inorganic phosphate transporter 1-7; Inorganic phosphate transporter 1-4; Putative inorganic phosphate transporter 1-13; Probable metabolite transporter C2H8.02;High affinity inorganic phosphate transporter (Fragment),,,OG0000248,,,,,
Cs8g15750,S-adenosylmethionine synthase 3;S-adenosylmethionine synthase (Fragment),,,OG0000441,,,,,
Cs6g01310,S-adenosylmethionine synthase 3;S-adenosylmethionine synthetase (Fragment),,,OG0000441,,,,,
Cs9g01410,S-adenosylmethionine synthase;S-adenosylmethionine synthetase (Fragment),,,OG0000441,,,,,
Cs8g18640,Putative uncharacterized protein Ptr+E2EXPA15;Expansin-A4; Expansin-A7; Expansin-A6; Expansin-A3; Expansin-A16; Expansin-A9; Expansin-A2; Expansin-A15; Expansin-A1; Expansin-A14; Expansin-A8; Expansin-A5; Expansin-A10; Expansin-A11; Putative expansin-A17; Expansin-A29; Expansin-A21; Expansin-A23; Expansin-A33; Expansin-A22; Expansin-A24; Expansin-A32; Expansin-A13; Expansin-A28; Expansin-A12; Expansin-A25; Expansin-A31; Expansin-A18; Expansin-A19,,,OG0000570,,,,,
Cs7g32410,Expansin-A4; Expansin-A16; Expansin-A7; Expansin-A6; Expansin-A3; Expansin-A9; Expansin-A1; Expansin-A2; Expansin-A15; Expansin-A14; Expansin-A8; Expansin-A10; Expansin-A5; Expansin-A29; Putative expansin-A17; Expansin-A11; Expansin-A23; Expansin-A22; Expansin-A24; Expansin-A32; Expansin-A33; Expansin-A21; Expansin-A28; Expansin-A25; Expansin-A12; Expansin-A13; Expansin-A31; Expansin-A18; Expansin-A19;Putative uncharacterized protein Ptr+E2EXPA15,,,OG0000570,,,,,
Cs4g08220,Putative uncharacterized protein Sb02g028020;Heat shock protein 81-3; Heat shock cognate protein 80; Heat shock protein HSP 90-alpha; Heat shock cognate 90 kDa protein; Heat shock-like 85 kDa protein; ATP-dependent molecular chaperone HSC82; Heat shock protein 82 (Fragment); Endoplasmin; Endoplasmin homolog; Heat shock cognate protein HSP 90-beta; Endoplasmin (Fragment),,,OG0000706,,,,,
Cs8g08270,Putative uncharacterized protein;Beta-galactosidase 3; Putative beta-galactosidase; Probable beta-galactosidase 2; Beta-galactosidase-1-like protein 3,,,OG0000759,,,,,
Cs1g24730,Putative uncharacterized protein;Beta-galactosidase 3; Putative beta-galactosidase; Probable beta-galactosidase 2; Beta-galactosidase-1-like protein 3,,,OG0000759,,,,,
Cs6g03280,Putative uncharacterized protein Sb03g042500;Calreticulin-3; Calreticulin; Calreticulin-1; Calreticulin-2; Calnexin; Calnexin homolog 1; Calmegin; Calreticulin (Fragment),,,OG0000764,,,,,
Cs1g13220,Acyl-protein thioesterase 2; Acyl-protein thioesterase 1 homolog 1;Biostress-resistance-related protein (Fragment),,,OG0000768,,,,,
Cs6g03020,Putative orcinol O-methyltransferase (Fragment);8-hydroxyquercetin 8-O-methyltransferase; Tabersonine 16-O-methyltransferase; Eugenol O-methyltransferase; Chavicol O-methyltransferase; Myricetin O-methyltransferase; Isoflavone 4'-O-methyltransferase; 6a-hydroxymaackiain methyltransferase 1; Isoflavone-7-O-methyltransferase 6; O-methyltransferase ZRP4; 5-pentadecatrienyl resorcinol O-methyltransferase; 3'-hydroxy-N-methyl-(S)-coclaurine 4'-O-methyltransferase; (RS)-norcoclaurine 6-O-methyltransferase; Probable O-methyltransferase 2; Columbamine O-methyltransferase; Quercetin 3-O-methyltransferase 1; Bergaptol O-methyltransferase; Caffeic acid 3-O-methyltransferase; Anthranilate N-methyltransferase; (Iso)eugenol O-methyltransferase; (S)-scoulerine 9-O-methyltransferase; Tricetin 3' 4' 5'-O-trimethyltransferase; Isoliquiritigenin 2'-O-methyltransferase; Flavone O-methyltransferase 1,,,OG0001029,,,,,
Cs2g16040,Putative orcinol O-methyltransferase (Fragment);8-hydroxyquercetin 8-O-methyltransferase; Tabersonine 16-O-methyltransferase; Eugenol O-methyltransferase; Myricetin O-methyltransferase; Chavicol O-methyltransferase; 6a-hydroxymaackiain methyltransferase 1; Isoflavone 4'-O-methyltransferase; Isoflavone-7-O-methyltransferase 8; O-methyltransferase ZRP4; 5-pentadecatrienyl resorcinol O-methyltransferase; 3'-hydroxy-N-methyl-(S)-coclaurine 4'-O-methyltransferase; (RS)-norcoclaurine 6-O-methyltransferase; Probable O-methyltransferase 2; Columbamine O-methyltransferase; Quercetin 3-O-methyltransferase 1; (Iso)eugenol O-methyltransferase; Bergaptol O-methyltransferase; Caffeic acid 3-O-methyltransferase; Anthranilate N-methyltransferase; Tricetin 3' 4' 5'-O-trimethyltransferase; (S)-scoulerine 9-O-methyltransferase,,,OG0001029,,,,,
Cs2g16060,Putative orcinol O-methyltransferase (Fragment);8-hydroxyquercetin 8-O-methyltransferase; Eugenol O-methyltransferase; Tabersonine 16-O-methyltransferase; Chavicol O-methyltransferase; Myricetin O-methyltransferase; 6a-hydroxymaackiain methyltransferase 1; Isoflavone-7-O-methyltransferase 8; Isoflavone 4'-O-methyltransferase; O-methyltransferase ZRP4; 5-pentadecatrienyl resorcinol O-methyltransferase; (RS)-norcoclaurine 6-O-methyltransferase; 3'-hydroxy-N-methyl-(S)-coclaurine 4'-O-methyltransferase; Probable O-methyltransferase 2; Columbamine O-methyltransferase; Quercetin 3-O-methyltransferase 1; Bergaptol O-methyltransferase; Caffeic acid 3-O-methyltransferase 3; (Iso)eugenol O-methyltransferase; (S)-scoulerine 9-O-methyltransferase; Anthranilate N-methyltransferase; Tricetin 3' 4' 5'-O-trimethyltransferase,,,OG0001029,,,,,
Cs5g02440,Putative WRKY transcription factor 30 (Fragment);Probable WRKY transcription factor 41; WRKY transcription factor 55; Protein WRKY1,,,OG0001156,,,,,
Cs1g18240,Beta-fructofuranosidase insoluble isoenzyme 1 putative;Fructan 6-exohydrolase; Beta-fructofuranosidase insoluble isoenzyme CWINV1; Beta-fructofuranosidase cell wall isozyme; Acid beta-fructofuranosidase; Beta-fructofuranosidase soluble isoenzyme I; Beta-fructofuranosidase 1; 6(G)-fructosyltransferase; Bifunctional 6(G)-fructosyltransferase/2 1-fructan:2 1-fructan 1-fructosyltransferase; Sucrose-6-phosphate hydrolase,,,OG0001354,,,,,
Cs8g04550,Snakin-1; Protein GAST1; Gibberellin-regulated protein 4; Snakin-2;Gibberellin stimulated transcript related protein 1,,,OG0001409,,,,,
Cs6g18350,Probable non-specific lipid-transfer protein AKCS9; Non-specific lipid-transfer protein 2; Putative glutamine amidotransferase-like protein yvdE; Putative glutamine amidotransferase PB2B2.05;Bifunctional inhibitor/lipid-transfer protein/seed storage 2S albumin-like protein,,,OG0001617,,,,,
Cs3g26480,GDSL esterase/lipase EXL1; Anter-specific proline-rich protein APG; Anther-specific proline-rich protein APG (Fragment); GDSL esterase/lipase APG;GDSL-like Lipase/Acylhydrolase family protein expressed,,,OG0001749,,,,,
Cs5g24680,Chitinase-like protein 1; Basic endochitinase (Fragment); Endochitinase; Basic endochitinase B; Endochitinase A; Endochitinase B; Chitinase 10; Endochitinase 2 (Fragment); Basic 30 kDa endochitinase; Basic endochitinase C; 26 kDa endochitinase 2; Basic endochitinase A; Acidic endochitinase WIN6; Basic endochitinase; Acidic endochitinase Q; Acidic 27 kDa endochitinase; Acidic endochitinase P; Endochitinase (Fragments); Lectin/endochitinase 1; Endochitinase B (Fragment);Fiber glycosyl hydrolase family 19 protein (Fragment),,,OG0001781,,,,,
Cs2g22280,Calcium-binding protein PBP1; Calcium-binding protein KIC; Caltractin (Fragment); Caltractin; Centrin-2; Centrin-1; Cell division control protein 31; Putative calmodulin-like protein 2; Calmodulin; Probable calcium-binding protein CML20; Calmodulin-like protein 3; Centrin-3;Calcium binding protein with EF-hand motif (Fragment),,,OG0001974,,,,,
Cs1g20580,Cinnamyl alcohol dehydrogenase-like protein;Probable mannitol dehydrogenase; Geraniol dehydrogenase 1; Mannitol dehydrogenase; Cinnamyl alcohol dehydrogenase 8; Mannitol dehydrogenase (Fragment); Probable cinnamyl alcohol dehydrogenase 9; Putative cinnamyl alcohol dehydrogenase 5; NADP-dependent alcohol dehydrogenase C 2; Probable formaldehyde dehydrogenase AdhA; Uncharacterized zinc-type alcohol dehydrogenase-like protein YahK,,,OG0001986,,,,,
Cs4g03330,4-coumarate--CoA ligase 1; Probable 4-coumarate--CoA ligase 3; 4-coumarate--CoA ligase 1 (Fragment); 4-coumarate--CoA ligase-like 7; Luciferin 4-monooxygenase; Putative 4-coumarate--CoA ligase-like 8; Long-chain-fatty-acid--CoA ligase;AMP dependent CoA ligase putative,,,OG0002248,,,,,
Cs8g18360,Cytosolic class I small heat shock protein type 1 (Fragment);17.4 kDa class I heat shock protein; 17.6 kDa class I heat shock protein 3; 18.1 kDa class I heat shock protein; 18.5 kDa class I heat shock protein; 17.8 kDa class I heat shock protein; 17.5 kDa class I heat shock protein; 18.2 kDa class I heat shock protein; 17.3 kDa class I heat shock protein; 16.9 kDa class I heat shock protein 2; 17.9 kDa class I heat shock protein; 17.7 kDa class I heat shock protein; 18.1 kDa class I heat shock protein (Fragment); 18.0 kDa class I heat shock protein; 18.3 kDa class I heat shock protein; 16.6 kDa heat shock protein; 22.7 kDa class IV heat shock protein; 17.9 kDa heat shock protein 2; 22.0 kDa heat shock protein; Class I heat shock protein (Fragment); 18.9 kDa heat shock protein; 22.0 kDa class IV heat shock protein; 23.2 kDa heat shock protein; 15.7 kDa heat shock protein peroxisomal; 17.9 kDa class II heat shock protein; 18.8 kDa class II heat shock protein; 17.8 kDa class II heat shock protein; 21.9 kDa heat shock protein; 17.7 kDa class II heat shock protein; 17.3 kDa class II heat shock protein; 17.6 kDa class II heat shock protein; 16.0 kDa heat shock protein peroxisomal; 18.0 kDa class II heat shock protein; 17.0 kDa class II heat shock protein,,,OG0002298,,,,,
Cs8g20420,Probable protein phosphatase 2C 25; Putative protein phosphatase 2C 53; Putative protein phosphatase 2C-like protein 45; Protein phosphatase 1L;Putative serine/threonine phosphatase type 2c (Fragment),,,OG0003872,,,,,
Cs6g16680,Auxin-induced protein 5NG4;Nodulin MtN21 /EamA-like transporter protein,,,OG0004765,,,,,
Cs3g07150,Nodulin MtN21 /EamA-like transporter-like protein;Auxin-induced protein 5NG4,,,OG0004765,,,,,
orange1.1t03687,Cytochrome P450 716B2; Taxadiene 5-alpha hydroxylase; Taxane 13-alpha-hydroxylase; Abscisic acid 8'-hydroxylase 3; Cholesterol 24-hydroxylase;Cytochrome P450 family 716 subfamily A polypeptide 1,,,OG0005052,,,,,
Cs2g21820,Putative uncharacterized protein Sb04g004250;Peroxidase 30; Cationic peroxidase 2; Peroxidase N; Peroxidase C1C (Fragment); Lignin-forming anionic peroxidase,,,OG0005415,,,,,
Cs4g07040,Putative dehydration-responsive element binding protein;Ethylene-responsive transcription factor ERF017; Dehydration-responsive element-binding protein 3; Ethylene-responsive transcription factor TINY; Ethylene-responsive transcription factor SHINE 3,,,OG0007296,,,,,
Cs2g14940,Glyceraldehyde-3-phosphate dehydrogenase A chloroplastic; Glyceraldehyde-3-phosphate dehydrogenase A chloroplastic (Fragment); Glyceraldehyde-3-phosphate dehydrogenase B chloroplastic (Fragment); Glyceraldehyde-3-phosphate dehydrogenase B chloroplastic; Glyceraldehyde-3-phosphate dehydrogenase chloroplastic; Glyceraldehyde-3-phosphate dehydrogenase 2; Glyceraldehyde-3-phosphate dehydrogenase plasmid; Glyceraldehyde-3-phosphate dehydrogenase chromosomal; Glyceraldehyde-3-phosphate dehydrogenase B; Glyceraldehyde-3-phosphate dehydrogenase cytosolic;Glyceraldehyde-3-phosphate dehydrogenase (NADP+) (Phosphorylating),,,OG0007413,,,,,
Cs7g22860,Glycine cleavage system H protein mitochondrial; Probable glycine cleavage system H protein 2 mitochondrial; Glycine cleavage system H protein mitochondrial (Fragment); Glycine cleavage system H protein 1 mitochondrial; Glycine cleavage system H protein; Putative glycine cleavage system H protein mitochondrial;Precursor of carboxylase h-protein 3 glycine decarboxylase complex,,,OG0007486,,,,,
Cs6g12390,Putative uncharacterized protein Sb06g016090,,,OG0007716,,,,,
Cs4g18520,GCSP_FLAAN Glycine dehydrogenase [decarboxylating] mitochondrial (Glycine decarboxylase) (ISS) (Fragment);Glycine dehydrogenase [decarboxylating] A mitochondrial; Glycine dehydrogenase [decarboxylating] mitochondrial; Glycine dehydrogenase [decarboxylating] B mitochondrial; Glycine dehydrogenase [decarboxylating] 2 mitochondrial; Glycine dehydrogenase [decarboxylating],,,OG0008267,,,,,
Cs4g07650,Photosystem I reaction center subunit V chloroplast putative;Photosystem I reaction center subunit V chloroplastic; Photosystem I reaction center subunit V (Fragment),,,OG0010724,,,,,
Cs9g04770,Electron carrier/ protein disulfide oxidoreductase;Monothiol glutaredoxin-S2; Glutaredoxin-C1; Putative glutaredoxin-C14; Glutaredoxin-C15; Glutaredoxin-C10; Glutaredoxin-C13; Glutaredoxin-C14; Glutaredoxin-C11; Glutaredoxin-C8; Glutaredoxin-C3; Glutaredoxin-C7; Glutaredoxin-C5; Glutaredoxin-C9; Glutaredoxin-C6; Glutaredoxin; Glutaredoxin-C4 chloroplastic; Glutaredoxin-C2; Glutaredoxin-C5 chloroplastic; Glutaredoxin-2 mitochondrial; Monothiol glutaredoxin-S12 chloroplastic,,,OG0013865,,,,,
Cs1g09140,Photosystem I reaction center subunit N chloroplastic; Photosystem I reaction center subunit N chloroplastic (Fragment);Photosystem I reaction center subunit N chloroplast putative,,,OG0014612,,,,,
Cs1g17220,Putative uncharacterized protein Sb01g033020;Protein TIFY 10A,,,OG0017033,,,,,
