sgRNA_ID,Sequence,Orthologs_targeted
YCG000005,CCTGTGGAATTCCCTATCCT,
YCG000006,GGTCCCTCAGGAATCCACAA,
YCG000007,ATCGGCCTATATGAGGTACC,
YCG000008,CAGGCACGGAATCAACTGTG,
YCG000009,TTGTTCAGATGCAGCTTCTC,
YCG000010,AAGGGCTTACATGGTTCCCT,
YCG000011,GAACTGAGTTCGACGGCTGC,
YCG000012,GACATGCCACGAAGTCCTCA,
YCG000013,ATCTCAGTCCACAGGCTACA,
YCG000014,CGGAGGAACACACTTGCAAC,
YCG000015,AATCCTCCGTAGACGCATGC,
YCG000016,GCATCAAGCGATACACACAT,
YCG000017,AACTTGACTGCAAATCCTCG,
YCG000018,AACTTGACCGCAAATCCTCG,
YCG000019,CGCACATTTCGTCGTAGCTA,
YCG000020,TCCGCGGAACGCCCACTATA,
YCG000021,CAATGGCACGATCGACGGTC,
YCG000022,CCTCTGCCATCCTACGGTAG,
YCG000023,GACGGCAGTTCCAATTACCT,
YCG000024,ATGTTCCTGAGGAACCAAGG,
YCG000029,GTTTCTCTATGATCAGGCGC,
YCG000030,AACAGGCCAAATCAATGGAC,
YCG000031,TGCGGAGTTTCTGGATTTCG,
YCG000032,ACCACCAGAAAGTCTCCGCC,
YCG000037,AGGCTAAGGTCAACTTGCCA,
YCG000038,AGCAAGATATTGGTCGTTGG,
YCG000039,CGCATCTACTACCACGTCGA,
YCG000040,GTTCCCGAAGGAAAGACCCG,
YCG000045,ACCTATGTGGTCAGGCCCAA,
YCG000046,GACAATAGGAAGCTTCCTAG,
YCG000047,CCCTTCACAACGTTTACTTG,
YCG000048,AGTTTGGTTGCATGGCCTGG,
YCG000049,GGTTGGAATTCCACCACGGA,
YCG000050,GGAATTCAGCAGGACACTTC,
YCG000051,CTTTCGGTTGTAGTTCCAAG,
YCG000052,CTTGACGTGGAAGGATCTTT,
YCG000057,ACGTGTCTCGCGAGAGCATC,
YCG000058,GGAGCCACAACTATCACACA,
YCG000059,TCACTGCCTCCTGGTGAAAT,
YCG000060,AAGGAAAGTCACCGGCCACC,
YCG000061,CCAGATCGGAGCCAAGTTCT,
YCG000062,GCTTTCTTGCACTGGTACAC,
YCG000063,CGGAGCTCACCCAGCAAATG,
YCG000064,TCAAATCGGAGCCAAGTTCT,
YCG000065,ACTGCCTCACTGAGGTTTGA,
YCG000066,TTCGTGGACTGGTGCCCAAC,
YCG000067,GCATTCGTTCACTGGTATGT,
YCG000068,GCATTCGTCCACTGGTACGT,
YCG000073,CTGAAAGCTAGCTCCCTATT,
YCG000074,AGTAGCAGCGAAGGGTGAGT,
YCG000075,TGCAGGTAGCATGTTACTCA,
YCG000076,ACAAAGGTTTCCCTCAACCG,
YCG000085,ATCCTGCCACTGGAGGATTT,
YCG000086,CACTTCGGGACGGGTTAAAT,
YCG000087,CCAGGATGCTCCAGCTTTGA,
YCG000088,CAGAAGAGAAGCATCTGGAG,
YCG000101,GCCACACTGATGTTTACTTC,
YCG000102,GTGCCCTGTCCTTTAATAGC,
YCG000103,AGGACTCGGCTATAGAGTGC,
YCG000104,TGAGCCTCAGCTCAACTACA,
YCG000105,GCAACAGCCAGGAAAGTGCT,
YCG000106,CTGTGGGTTACGGTTCCCGA,
YCG000107,TTTCGAACCAAGTCCAGCCA,
YCG000108,GTTTGGCCACGTTCTCTCTT,
YCG000109,GGTTCAGTGGAAGTAAAGCG,
YCG000110,TCGAGCTTCAGACTCCGTCG,
YCG000111,TGGAATGAGAGGCGCAACCA,
YCG000112,CATGAGAGACCTTTCGCTAC,
YCG000117,ACACCCGTGAGGAGATCTTC,
YCG000118,TTAAAGAGGACGTGTGGTCG,
YCG000119,ACAGACTGCGCTCCAAGTGA,
YCG000120,TGAACAATCTGCCAGATGTC,
YCG000125,CGGACCATGATGCTTCAGCA,
YCG000126,CTTTAACTGATGCGCCCTTT,
YCG000127,AAACTCACCACGAGCTACGG,
YCG000128,AGAACCTGACCAGCAACTAT,
YCG000129,TGGGAGCATGTACACAGATT,
YCG000130,CACTTGATGCTTCTGGTGCC,
YCG000131,TAACAGAATCGTTGACCCAC,
YCG000132,GTCGTTGGGTAATATCAGAC,
YCG000145,TGAGCATGTGAAGATCCGAA,
YCG000146,CAAGCTACCATCTTGGAAGC,
YCG000147,ACCCTAAGAACGCCTTTGGA,
YCG000148,GTACAGGAAGGTTGCTGCTC,
YCG000149,ATCTGGGACTTACGGGCACA,
YCG000150,TAGCCTTTCAGGCAGCAATG,
YCG000151,AGCTAGCAGGAGTGCAGGAC,
YCG000152,AAGAGGTCTTGCAGCCGACG,
YCG000157,GAGCATGTAGCGAATCGGTT,
YCG000158,AGATTCGGAGCATCCCTCTT,
YCG000159,CATCGGAGCTCTCGGTCAAC,
YCG000160,CTTGGCCACGCAGCCTCTAT,
YCG000161,TCACCGGTGACCAAACAGCA,
YCG000162,TGGTCACTGGAGAGTATGGC,
YCG000163,CCCGTTACAAGCCTTACTTG,
YCG000164,CAGACCTAGCAATTGTACCA,
YCG000181,CTGCCAATAGCACGTGCCTC,
YCG000182,AGGGCTTGTGAAGAGCTAAC,
YCG000183,CGTACGGATTTGAACGTGAT,
YCG000184,TATGCCATTTCAGGCAGTGC,
YCG000185,AATTGAATGGCCAGTTCCGA,
YCG000186,CGGACATATTCCCAAACACC,
YCG000187,TGCAAATGTCGGCAATCCAC,
YCG000188,GCGGTAACCTGCTCTGTTCA,
YCG000189,GGACGCTACTCTCAGCGTGT,
YCG000190,AAACGCCCGATTCTACCTAC,
YCG000191,CCCGCATTGGCGAGAATTCC,
YCG000192,GCGAGCGGTCAACTTGGTTA,
YCG000193,TGGCGACGGCAAGAACATTT,
YCG000194,GGTGACCAAGGTCACATGTT,
YCG000195,TTGCCATCAGGCCTCAACCA,
YCG000196,TTGCCATCTGGCCTCAGCCA,
YCG000197,CTGATTGCCAATGGCAAACC,
YCG000198,TCATTGCTGGAGGAGCCAAG,
YCG000199,AAGTCCCAGCCGACCTAATC,
YCG000200,CTTCTCCTCCTGTTTAGGAA,
YCG000201,TGCCTGAGGTTCCAACCAAG,
YCG000202,CATGGTCCGATGCCCATCTC,
YCG000203,TTTGCCGAGTACGCGAATGT,
YCG000204,CGGGCTGATTCTCCACCGTA,
YCG000205,GCACTCCTCAGCATAGCCGT,
YCG000206,CGGAGCTAGCGTCGTGTTTG,
YCG000207,AGGGAAAGAGGGACTTGTCC,
YCG000208,GGGACATACTTTAACCAGAC,
YCG000209,TACGACACATTGGATCCGAC,
YCG000210,GTGATGTCTTGGACACCAGA,
YCG000211,TGTCTACAGGATGTGTCACT,
YCG000212,CCGCTTAATGTCACAACCTC,
YCG000213,GAAGCAGAAGTGACTGTCCA,
YCG000214,CAACCTATGAAACCGCCTTT,
YCG000215,ATGCGGAGCAATTCGCGCAT,
YCG000216,GACATACCAAACTGACTCCC,
YCG000217,AAGGAAGCAGTTTGCGTGAC,
YCG000218,ATCGTGTCAAAGGACGGTAC,
YCG000219,ACAACAATGTCCAGTGCTTG,
YCG000220,ACCAAACCTGCCGATCAGAA,
YCG000229,TATTGCATAGGGCCCGTGGT,
YCG000230,TCGTGAGGGTAAAGCATACA,
YCG000231,TCACAGAGACCATTGCTGTC,
YCG000232,CAGATTGAGTCCTCAGTTGA,
YCG000233,TGGATGGCTGAGGCGAACGT,
YCG000234,TTGGCAAATTTCAGCCCGTA,
YCG000235,GTTCGACTCAGCGCGTCAAA,
YCG000236,TGAGCAATCTCAGCCTGGTA,
YCG000237,GTCTCGGGTACAAAGCTCGT,
YCG000238,GTCCCAAGAGACAGGAAGCA,
YCG000239,TCAGTTTCCCGGTCCTAGAT,
YCG000240,AATGGCATCAGAGAGGCCAG,
YCG000241,GTGGGACCGCCATATCACAG,
YCG000242,CCTTCCGCTAAATCTACCCA,
YCG000243,AGGCACTCACTTCAGACCAC,
YCG000244,ACCCACCCGACATATCAGGC,
YCG000245,GAAGGTGGCAAGCTATGGGC,
YCG000246,AAGCGGCGGGCAACTCTTAG,
YCG000247,TTTGTGCGACACCGTGTTCT,
YCG000248,CTGCACAAGAAACTATGCCG,
YCG000249,AGCGTGGCACAACAAGTCGA,
YCG000250,AAGAGCATCCACAGCTGTCG,
YCG000251,AAATTAGATTTCAGGCCCGG,
YCG000252,GCTGCCGGGCTAAGTAAATT,
YCG000253,GAGGAATGTTTCCCGTATGT,
YCG000254,AGGCAAACATGCAGAGCTTT,
YCG000255,AGAATCATCGAAGCGGCCGA,
YCG000256,GCCAAACTGGGATGACTTGC,
YCG000257,GAATTCGCGAGTTTCTGGAG,
YCG000258,TCTCCTAGTAGATGTAGGCT,
YCG000259,ATGGGACAGGCGCAAGCTAG,
YCG000260,ACTGAACTTGCTGCCGAACC,
YCG000261,GCAATAGCTGCCATACTTGG,
YCG000262,ACGAAGCTTCAGTAGCAGTG,
YCG000263,CCGGAACAAGAGGTGCATTG,
YCG000264,ATACCATGGCCACCGTAGCA,
YCG000265,GCATGGCCAGATCGAAATGA,
YCG000266,TCATCGCCAGAGTCACGTGT,
YCG000267,GGAACATTGTGCCAGCTAAC,
YCG000268,CGCGGTATTCGGCCATCTTG,